{
  "regression": {
    "rmse": 4.772599769922701,
    "r2": 0.6893967884614736
  },
  "classification": {
    "accuracy": 0.9607843137254902,
    "report": {
      "0": {
        "precision": 0.9887640449438202,
        "recall": 0.967032967032967,
        "f1-score": 0.9777777777777777,
        "support": 91.0
      },
      "1": {
        "precision": 0.7692307692307693,
        "recall": 0.9090909090909091,
        "f1-score": 0.8333333333333334,
        "support": 11.0
      },
      "accuracy": 0.9607843137254902,
      "macro avg": {
        "precision": 0.8789974070872948,
        "recall": 0.938061938061938,
        "f1-score": 0.9055555555555556,
        "support": 102.0
      },
      "weighted avg": {
        "precision": 0.9650888877590795,
        "recall": 0.9607843137254902,
        "f1-score": 0.9622004357298475,
        "support": 102.0
      }
    },
    "confusion_matrix": [
      [
        88,
        3
      ],
      [
        1,
        10
      ]
    ]
  }
}
